[
    {
        "title": "Роковой поцелуй",
        "author": "Патрацкая Наталья",
        "img_src": "img/nopic.gif",
        "book_path": "books/5648-Роковой поцелуй.txt",
        "comments": [],
        "genres": "Научная фантастика, Прочие Детективы, Прочие приключения."
    },
    {
        "title": "Продается тело Христа",
        "author": "Аджалов Владимир Исфандеярович",
        "img_src": "img/5299-5299.jpg",
        "book_path": "books/5299-Продается тело Христа.txt",
        "comments": [
            "Приятная книга=)",
            "Чем- то напоминает фильм \"2012\", особенно, тема Христа. Глупо и притянуто за уши, самое то для тех, кто от радости брызгает слюной в сказках о Боге, спасителе и прочей ерунде))",
            "А, мне книга понравилась. Легко читается. Правда у меня создалось впечатление, что я ее читала. Возможно из-за того, что по стилю напоминает Сидни Шелдона (у него есть детективный рассказ про какой-то упавший космический корабль, название запамятовала), а возможно, что события в книге предсказуемы. Но все равно, читать можно.",
            "книга о нас и для нас. имеющий уши - да услышит... автору - уважение и благодарность.",
            "Книга очень увлекательное и трогает до глубины души. Жаль только что не все линии героев доведены до конца.",
            "Книга очень понравилась. Сюжет конечно местами предсказуем, но написано очень и очень неплохо. На слезу пробивает и героям сопереживаешь искренне. Концовка позитивная но книгу не портит. Самое главное, что сюжет заставляет задуматься \"кто ты в этом мире\"; \"что ты сделал хорошего\"; \"веришь ли ты\". Всем нормальным людям рекомендую! Останется в памяти."
        ],
        "genres": "Научная фантастика, Триллеры."
    },
    {
        "title": "Бич небесный",
        "author": "Стерлинг Брюс",
        "img_src": "img/550-550.jpg",
        "book_path": "books/550-Бич небесный.txt",
        "comments": [
            "Весьма интересная книга. Динамичный сюжет, насыщеный приключениями. Вмеру счастливый конец для главных героев. Оставляет чувство удовлетворения и завершенности. Немного коробит жаргон персонажей (пара выражений).",
            "книга супер!",
            "Книга потрясающая. С головой ушла в сюжет.",
            "Ну не знаю, я ожидала увидеть более грандиозное описание Ф-6, что-то такое, чтоб прямо дух захватило. Сюжет весь какой-то разорванный, собственно самим торнадо уделено очень мало внимания, а интимные подробности жизни бригадиров меня лично очень утомляли. Я несколько разочарована, ожидала большего.",
            "Уже прочитала пол книги- захватывает. Очень понравилось описание 2030 годов - по-моему именно к этому наш мир и катится.",
            "Мда... Думал будет типа фильма Смерч, но эта тягомотина, насчет истории героев, как заливали не понятную жижу в легкие!! Зачем лб этом писать, не понимаю. Или для того чтобы книга была побольше? Забили бы еще рекламой прокладок олвэйс... Зря время потратил.",
            "Сейчас буду читать, через 3 дня расскажу своё мнение...",
            "Супер ^_^."
        ],
        "genres": "Научная фантастика, Триллеры."
    },
    {
        "title": "Казнить нельзя помиловать",
        "author": "Чертанов Максим",
        "img_src": "img/nopic.gif",
        "book_path": "books/2531-Казнить нельзя помиловать.txt",
        "comments": [
            "Стоит прочесть, несмотря на кое-гдешные замудрёносушности))"
        ],
        "genres": "Научная фантастика, Триллеры."
    },
    {
        "title": "Говорящий камень",
        "author": "Азимов Айзек",
        "img_src": "img/nopic.gif",
        "book_path": "books/1987-Говорящий камень.txt",
        "comments": [
            "читала похожее произведение. \"Мешок\", автора не помню.",
            "Спасибо!!!",
            "Айзек один из лучших авторов! Его рассказы и книги просто прекрасны! На мой (сугубо субъективный) взгляд он один из лучших писателей писавших научную фантастику!",
            "Отличный писатель, гениальный как и его сочинения.",
            "Он давно мне нравится, живой слог, талантливо...",
            "Книги Азимова - Класс!",
            "Прочитал. Понравилось. Люблю логику.",
            "Азимов-талант, предвидевший многие открытия, а также будущее Земли как экосистемы, подвергающейся опасности. Читала и буду перечитывать. Спасибо!!!!"
        ],
        "genres": "Научная фантастика, Прочие Детективы."
    },
    {
        "title": "Общая теория Доминант",
        "author": "Белохвостов Денис",
        "img_src": "img/10923-10923.jpg",
        "book_path": "books/10923-Общая теория Доминант.txt",
        "comments": [
            "очень интересная книга, перечитывала раз5",
            "Сюжет книги очень интересный, динамичный.",
            "Ничего себе ДЕТСКАЯ...",
            "Начало рассказа интересное, но в продолжении автор сползает на лирику про 12 летних детей, а потом и на детскую порнографию. Не смог дочитать до конца, бросил после того как прочел про секс между 12 летними детьми \"на ее тело брызнуло что-то теплое\".",
            "Очень интересное произведение. Прочесть стоит.",
            "Книга, конечно, СОВСЕМ не детская, но вполне занимательная, события быстро развиваются в режиме не плохого блокбастера. Слава пишет о сцене петинга между уже 14 летними детьми, это примерно 645 стр, ни когда не поверю, что прочитав столько из сюжета можно остановиться за 100 стр до конца. Мне лично понравилась книга, советую читать ее людям старше 14-15 лет, а порнографии там нет, кроме описанной сцены, вполне сжато и скупо, сама задумка произведения с эротическим подтекстом, но вполне приемлимом.",
            "Зачем было делать главными героями детей? А насчёт порно детского то моё мнение оно есть и неприемлемо описание эротических сцен старался пропускать. Короче читая я старался подсознательно поднять возраст героев до 17-18 лет. А эротичное описание семиклассницы это педофилия.",
            "Книга очень понравилась, давно книги не вызывали у меня столь много эмоций. Действительно блокбастер, конец несколько неправдоподобен, но в общем обязательно стоит прочитать. Сексуальный подтекст есть, но только подтекст, надо же подростков чем-то заинтересовать, чтобы в принципе книги читали, а не в ПК пялились)))",
            "Собственно не понятно за что этой книге ставить положительный отзыв. При чтении складывается впечатление, что автором является школьник, у которого проблемы с личной жизнью, и который абсолютно ничего не понимает ни в оружии, ни в it технологиях, ни в устройстве государств и тем более спец служб и военных(где-то что-то видел, но ничего не понял). Понятие \"логика\" тут вообще не уместно, хотя писатель так и норовит выставить своих маленьких героев эдакими гениями... Правда тщетно. И вот уж не знаю кто набирал данную версию книги... Но простите в 90% случаев написать неправильно \"тся\" и \"ться\" и путать \"ни, ни\" с \"не, не\" это надо постараться. ИМХО: если вы умеете думать, эта книга не для вас; если вы любите тупые боевики с примесью романа(в данном случае с малолетними детьми), правда с довольно динамичным сюжетом- это то, что вы искали.",
            "Полнейшая чушь. Более подробно читайте в отзыве Александра."
        ],
        "genres": "Детская фантастика, Научная фантастика."
    },
    {
        "title": "Ночь, которая умирает",
        "author": "Азимов Айзек",
        "img_src": "img/4024-4024.jpg",
        "book_path": "books/4024-Ночь, которая умирает.txt",
        "comments": [
            "Отличная книга! Причитал быстро, очень понравилась.",
            "Ни фига не логично все. Если, как утверждает преступник \"все остальное произошло само собой. Одно потянуло за собой другое, и прежде, чем я понял, что делаю, было уже поздно\", то не думаю что у него совершенно случайно с собой оказалась запасная пленка, которую он вставил в фотик, отснял записи, потом вынул и спрятал, а в фотик вернул ту пленку что была там раньше. Все же произошло \"само собой\", то есть в состоянии аффекта, рядом с трупом... А если запасной пленки не было, тогда когда он отдал свой фотоаппарат на проверку, выяснилось бы что она новая, а это подозрительно в первую очередь. Короче троечка...",
            "Очень интересно!",
            "Николай, всё, что говорят, принято считать ложью. То, что говорит преступник - тем более.",
            "Прочитал. Согласен с Николаем.",
            "Судя, по названию книга очень интересная. Название интригует.",
            "Гениально почти как все у Айзека.",
            "Спасибо за возможность прочитать этот рассказ. Достаточно интересная гипотеза, и как всегда у Азимова, попутно много интересных фактов о других мирах."
        ],
        "genres": "Научная фантастика, Прочие Детективы."
    },
    {
        "title": "Астронавт Джонс",
        "author": "Хайнлайн Роберт",
        "img_src": "img/8902-8902.jpg",
        "book_path": "books/8902-Астронавт Джонс.txt",
        "comments": [
            "Замечательная книга, поэтому и скачиваю. Читал давно, хочу перечитать снова.",
            "Среди нынешнего мусора, книга представляет образец настоящей фантастики. Моя оценка 5. Один недочет - в конце ожидал большего.",
            "Хорошая книга, очень понравилась, прочитал за день!",
            "Читал до полуночи - не оторваться!\nЛучшая научная фантастика из прочитанного, но конец какой-то невнятный.",
            "Читал давно, хорошая книга.",
            "Потрясающая книга.... Перечитывал ее раза 4... И еще буду )))",
            "Всем хороша книга, за исключением концовки. Такое ощущение что автор поторопился ее закончить, может ему пришла в голову идея другой книги, или она ему просто наскучила, но я ожидал большего:(.",
            "Хорошо выписанная книга старой школы. Читать очень интересно. Не пойму, чего все к концовке прицепились... Финал вполне внятный и закономерный.",
            "Только что прочитал, решил оставить свой отзыв. Читается легко, написано интересно, сюжет-ничего похожего никогда не встречал. Буду читать все, что осталось:)",
            "Да, мечта маленького мальчика! В 10-12 лет все мечтают стать героями - он тайком пробирается на корабль, и его делают капитаном! Ура!На тех, кто постарше, не рассчитано. С тех пор изобрели калькулятор и даже - вы не поверите! - компьютер. Как бы капитаном с тех пор не делают за то, что ты научился считать.",
            "Читаю по вечерам сыну., ему семь лет., очень нравится )",
            "Роберт Хайнлайн, лично для меня - ФАНТАСТ № РАЗ! Конечно, есть у него и слабые вещи (из ранних), но и они читаются. А серия о Вудро Смите (Лазарь Лонг) - эти вещи стоит прочитать даже девушкам...",
            "Прочитал книгу за ночь... Интересная история про космические приключения... Концовка вялая... Но, как всегда с хорошим исходом... Читается интересно на одном дыхании...",
            "Очень хорошая книга. За свою жизнь я перечитывал её не менее 20ти раз, знаю почти наизусть. Вот и сегодня решил на досуге прочитать.",
            "Книжка класна, раніше нічого подібного не зустрічав. 10/10.",
            "Мне сейчас 12 лет, вот недавно прочитала... Теперь вот не могу найти ничего интересного, всё кажется скучным по сравнению я этой книгой. Советую прочитать)",
            "Отличная книга, читается на одном дыхании. Да и вообще Хайнлайн очен интересный автор. Рекомендую.",
            "Книга явно написана для молодёжи от 10-ти до 20-ти. Хайнлайн всегда читается легко, сюжет неплохо закручен, но эта книга не входит в список лучших его произведений. Хотя, допускаю, что при хорошем переводе она выглядела бы лучше.Но перевод ниже всякой критики, да и орфографические ошибки сбивают... Похоже на компьютерный перевод с легкой правкой невнимательным или малограмотным корректором. Почему, например, команда проводит обсервации, а не наблюдения? Смысл понятен, но в русском языке есть устойчивое выражнение \"провести наблюдения\". Нормальный переводчик с филологическим образованием не допускал бы подобных ляпов. Тем не менее книгу прочитал с удовольствием."
        ],
        "genres": "Детская фантастика, Научная фантастика."
    },
    {
        "title": "Будет скафандр - будут и путешествия",
        "author": "Хайнлайн Роберт",
        "img_src": "img/nopic.gif",
        "book_path": "books/9080-Будет скафандр - будут и путешествия.txt",
        "comments": [
            "Хорошая добрая книга.",
            "Очень приятная книга. Мягкая и пушистая.",
            "Одна из любимых книг моего детства! Прочтите и дайте почитать своим детям!)",
            "Очень добрая книга, которую можно рекомендовать как взрослым, так и детям.",
            "Имею скафандр - готов путешествовать! Это невероятное приключение из детства и сейчас захватывает дух.",
            "Прочитал первый раз эту книгу лет в 7, сейчас мне 32. Как будто снова вернулся в детство и детские мечты)",
            "Я тоже в детстве читал, а потом ещё раза три! Сейчас сыну скачал, всем рекомендую!!!",
            "Светлая книжка )",
            "Книга очень интересная. Читал её два раза, и буду читать и в третий раз. Уже в электронном варианте.",
            "Больше бы таких книг! То, что сейчас печатают...!!! КНИГА должна иметь смысл и давать стимул для развития человека. Это одна из них."
        ],
        "genres": "Детская фантастика, Научная фантастика."
    },
    {
        "title": "Наложница императора",
        "author": "Семенова Татьяна",
        "img_src": "img/10768-10768.jpg",
        "book_path": "books/10768-Наложница императора.txt",
        "comments": [
            "Замечательная книга, в которой весьма интересно изложены исторические факты, вплетённые в роман о приключениях современных подростков))",
            "Книга очень увлекательная.",
            "Нужно прочитать не только подросткам, но и взрослым. Жаль, что вшколе нам этого не рассказывали."
        ],
        "genres": "Детская образовательная литература, Детская фантастика, Научная фантастика."
    },
    {
        "title": "Justitia - est Часть 1",
        "author": "Картман Эрика",
        "img_src": "img/nopic.gif",
        "book_path": "books/8559-Justitia - est Часть 1.txt",
        "comments": [],
        "genres": "Научная фантастика, Прочие Детективы."
    },
    {
        "title": "Алиби",
        "author": "ИВАНОВ Сергей",
        "img_src": "img/239-239.jpg",
        "book_path": "books/239-Алиби.txt",
        "comments": [
            "Детский вариант анекдотов про Шерлока Холмса)",
            "Загадки я люблю.)))",
            "А мне понравилось, люблю, знаете ли, всякие загадочки, головоломочки, кроссвордики, Гимнастика ума, одним словом... \nВо всём можно найти положительные моменты, не разгадал загадку, так хоть гренки научился готовить отменные... :-)",
            "Очень поучительное для ребенка 10 лет."
        ],
        "genres": "Научная фантастика, Прочие Детективы."
    },
    {
        "title": "Зодиак",
        "author": "Стивенсон Нил",
        "img_src": "img/8283-8283.jpg",
        "book_path": "books/8283-Зодиак.txt",
        "comments": [
            "ооооо, великая оранжевая серия!!! Большая часть из этой линии застревает и в душе, и в голове надолго))) \r\nнадеюсь и эта книга произведет на меня такое же сильное впечатление, как и другие оранжевые%)))"
        ],
        "genres": "Научная фантастика, Триллеры."
    },
    {
        "title": "Те, кто против нас",
        "author": "Руденко Борис",
        "img_src": "img/6758-6758.jpg",
        "book_path": "books/6758-Те, кто против нас.txt",
        "comments": [
            "Есть над чем подумать. Спасибо автору за хорошую книгу.",
            "Книга очень понравилась! И идея новая, и сюжет интересный.",
            "Прекрасная книга.",
            "Книга очень понравилась, перечитывал под настроение пару раз! Интересно, будет ли продолжение?",
            "Спасибо за книгу, напоминающую о том, что еще\nГде-то существует понятия: чести и совести.",
            "Помимо захватывающего сюжета, ценность торчества Бориса Руденко для меня лично, в хорошем литературном языке. Получаю почти эстетческое наслаждение, читая его произведения. Очень хорошо выписаны персонажи. У каждого свой харакер. Замечательная прередача эмоций героев. Давно не встречала подобного владения возможностями русского языка для передачи информации.",
            "Очень что то напоминает! Гадкие лебеди Стругацких? Нет...! Так это же сегодняшняя Россия! Всё один к одному! Только причины другие, а последствия те же!",
            "Это антигосударственное вредное чтиво. Надо немедленно запретить."
        ],
        "genres": "Научная фантастика, Триллеры."
    },
    {
        "title": "Телепортеры, внимание!",
        "author": "Мар Курт",
        "img_src": "img/6766-6766.jpg",
        "book_path": "books/6766-Телепортеры, внимание!.txt",
        "comments": [],
        "genres": "Научная фантастика, Триллеры."
    },
    {
        "title": "Поющий колокольчик",
        "author": "Азимов Айзек",
        "img_src": "img/4876-4876.jpg",
        "book_path": "books/4876-Поющий колокольчик.txt",
        "comments": [
            "как и все по-настоящему драгоценное, колокольчики были хрупки до невозможности. но человек в своем стремлении к наживе забывает о хрупкости и видит перед собой только ценность... цену, выраженную в денежном эквиваленте...",
            "Я прочитала эти произведения ещё в институте и просто заболела Азимовым. Книги я брала у знакомых, но сейчас благодоря интернету могу читать когда угодно. Спасибо вам!",
            "Какое поэтичное описание этих поющих колокольчиков! Очень захотелось их услышать. Спасибо за возможность прочитать эти рассказы - я очень люблю Азимова, но эти рассказы прочитала впервые."
        ],
        "genres": "Научная фантастика, Прочие Детективы."
    },
    {
        "title": "Цена посвящения: Время Зверя",
        "author": "Маркеев Олег Георгиевич",
        "img_src": "img/769-769.jpg",
        "book_path": "books/769-Цена посвящения Время Зверя.txt",
        "comments": [
            "Мне понравилось, приятно читать умного человека чтобы он не писал.",
            "Из этой серии, лучшая!",
            "Это не фантастика, а реальность, включая психотропное оружие.\n  Опечатки - вместо Ирак, следует читать - Иран.\n  Недостатки: не указан противник Белого ордена; нас ставят на порог \"белого квадрата\", но новых идей не дают..."
        ],
        "genres": "Боевики, Научная фантастика."
    },
    {
        "title": "Дочь Нефертити",
        "author": "Семенова Татьяна",
        "img_src": "img/9402-9402.jpg",
        "book_path": "books/9402-Дочь Нефертити.txt",
        "comments": [
            "Несмотря на пометку, что литература для детей, мне очень понравился роман. Приятно наблюдать, что автор, перед написанием, проштудировала материалы по быту, одежде и прочим тонкостям как самой XVIII династии, так и исторические сведения о Древнем Египте. Преподнесено очень легко и ненавязчиво. Умничка, одним словом))",
            "Книга очень понравилась, хотя уже далеко не детский возраст. Книга читается очень легко.",
            "Согласна, читается легко, книга современная, интересная.",
            "Очень понравилась книга \"дочь Нефертити. Сейчас читаю \"Наложница императора\". Читается на одном духу)",
            "Убить Кеннеди оказывается очень просто, надо снайпера заменить клоном.",
            "Книга очень интересная. Читается на одном дыхании. В книге имеются исторические факты, которые в этой книге легко запоминаются, в отличии от простого изложения документальных фактов.",
            "Книга потряс.",
            "Я под впечатлением! Потрясающе. Захватывает.",
            "Мне 65, но книгу прочитал за присест. Татьяна, пишите еще. Мы вас любим."
        ],
        "genres": "Детская образовательная литература, Детская фантастика, Научная фантастика."
    },
    {
        "title": "И Он пришел... ИТ-роман",
        "author": "Аджалов Владимир",
        "img_src": "img/2043-2043.jpg",
        "book_path": "books/2043-И Он пришел... ИТ-роман.txt",
        "comments": [
            "С удовольствием прочитал эту книгу, это удивительная книга по охвату событий сочетание прошлого и настоящего. Побольше бы таких.",
            "Автор пришет в стиле Арура Хейли (Аэропорт, Отель и т.д.- кто не читал) - такая же многоплановость повествования и развитие сюжета в жанре экшн, но у Хейли даже второстепенные герои так мастерски выписаны, что надолго запоминаются, а здесь они банально одномерны. Кстати, идею об эмбрионах автор тоже позаимствовал из известной книги Код бытия, которой, соответственно, проигрывает. Эдинственный плюс - может кто-то после прочтения зантересуется хотя бы Библией и Евангелием, который мы так плохо знаем, ведь люди не читают подобной литературы, а может, даже почувствует Бога внутри себя и станет лучше!!!",
            "Оч понравилось. Захватывает, увлекает, читалось На одном дыхании. Это готовый сценарий для многомиллионного супер экшена для всех людей не зависимо от возраста и вероисповедания.",
            "Несколько неожиданная версия Пришествия Спасителя, но что-же, все равно познавательно. Спасибо Автору.",
            "Книга интересная. Как физик, с некоторыми вещами, не могу согласиться. Однако суть не в правильной трактовке физических законов, а в определении роли Человека и его Совести (Бога) в нашем времени. Получил большое удовольствие от прочтения. Тут и захватывающий сюжет, и легкий стиль изложения. Спасибо!",
            "Давно не читал ничего подобного.... Спасибо автору! Очень понравилось!",
            "Очень понравилась! Читается легко, захватывает. Книга, на мой взгляд, нужная и полезная. Хотелось бы поднять уровень описания технических мест. Огромное Спасибо автору.",
            "Необычно. Интересно и захватывает. Но главное- задумываешься о своем месте на этом свете.",
            "Книга очень понравилась! Захватывающее чтение, особенно ближе к концу, когда все сюжетные линии сплетаются в одну. Затрагиваются важные для каждого думающего человека вопросы в разных сферах: и религиозные, и моральные, и даже политические чуть-чуть )))\nРекомендую прочитать!",
            "Отличный вариант описания пришествия в наше время! Многим моим мыслям нашла подтверждение, будет о чем подискутировать!",
            "Книга просто на одном дыхании читается!!! На чувствах здесь значительно поиграл автор (за душу берет)!!!",
            "Зачетная книга! Ближе к концу книги начинает бредом попахивать, автор плохо в технологиях разбирается, концовка предсказуемая, но не менее приятная! Рекомендую к прочтению!",
            "Я прочитал эту книгу на одном дыхании, очень увлекательная и поучительная книга, кое что узнал нового для себя и даже проверил эту инфу, советую всем кому не безразлично то что происходит вокруг нас прочитать ее, НЕПОЖАЛЕЕТЕ И ПОЛУЧИТЕ ЕЩЕ ОДНУ ТЕМУ ДЛЯ ДИССКУСИЙ СРЕДИ СВОИх.",
            "Книга достойна того чтобы на ее основе сняли НАСТОЯЩЕЕ КИНО, не только из-за реалистичности отражаемых событий и людей (журналистов, террористов и духовных деятелей), но и очень острого для современного человека сюжета!!!",
            "Согласна, книга читается легко, сюжет неординарный, очень хорошо чувствуется экшн. Но, хотя задумка и получилась неплохой, исполнение оставляет желать лучшего. Ну не выжал автор всего того, что мог бы. Да, добавить описания мест, характеров/внешности персонажей, чтобы получился не скупой сценарий, а книга, которая берет за душу и еще долго не отпускает. А так - прочитал, восхитился и... Забыл... К сожалению, мои ощущения таковы.",
            "Книга очень интересная, захватывает с самого начала и \"не отпускает\" до конца, хотя ближе к середине концовка достаточно ясно вырисовывается. Тем не менее местами прошибает на слезу и заставляет задуматься о смысле жизни, своей и вообще...",
            "Книга понравилась. Даже несмотря на то, что чувствуется дилетантизм автора во многих вопрос, сюжет захватывающий, хотя диалоги пресные, местами глупые. В целом книга хорошая, есть над чем задуматься.",
            "Не впечатлило.",
            "Очень мило. Добро на коне, конь в мыле но несет. Дружба народов, вер, полов. Зло вульгарно и мерзотна. Приторно сладко. В реале Зло красиво, обмачиво, это и ужасает. Итого: мелко, усужливо и еще раз мило до соплей.",
            "С удовольствием прочитала эту книгу. Рекомендую."
        ],
        "genres": "Научная фантастика, Триллеры."
    },
    {
        "title": "Нырок в забвение",
        "author": "Хенрик Ричард",
        "img_src": "img/4102-4102.jpg",
        "book_path": "books/4102-Нырок в забвение.txt",
        "comments": [
            "Автору: Хенрик РичардYan Smit 25. 09. 2011 13:29:15 (перенесено)Нырок в забвение:: Хенрик Ричард Это не фантастика, это какая-то пропагандистская агитка( Автор не шарит в науках, но пишет о них - простительно. Автор не военный, но сочиняет на околовоенные темы - плевать. Но как у него русский КАПИТАН, прошедший войну, вдруг решил в жизни \"плыть по течению\"???! Автор, что, русских только по своим газетам, да по нашим москвичам видел? А \"океанолог Ирина\", через каждые пять минут ругающая перед иностранцами своё, советское, откуда взялась? Что за гибрид проститутки с инопланетянином? В любом народе люди между собой по костям разложат и своё и своих, но перед чужими - хрен! Ни француз, ни американец, ни, тем более русский - СВОЁ перед чужими никогда опускать не станет. В общем, персонажи картонные, действо надуманное, и книжонку \"вытягивает\" только сюжет и как-бы современность. Ощущения при чтении - чтиво на раз. Долистать, плюнуть, и повесить в общественном туалете деревенском."
        ],
        "genres": "Научная фантастика, Политические детективы, Триллеры."
    },
    {
        "title": "Фабрика дьявола",
        "author": "Мар Курт",
        "img_src": "img/1715-1715.jpg",
        "book_path": "books/1715-Фабрика дьявола.txt",
        "comments": [
            "Книга супер!=)) всем советую!=)",
            "\nдинамичное развитие событий, прочитав страницу, хочется читать следующую; хорошо, но мало.",
            "Дешевая муть.",
            "Термин дешевая не применим к книгам.",
            "Не увлекает, скучновато, изобилует \"научными терминами-вымыслами\"."
        ],
        "genres": "Научная фантастика, Триллеры."
    },
    {
        "title": "Дело Джен, или Эйра немилосердия",
        "author": "Fforde Jasper",
        "img_src": "img/1131-1131.jpg",
        "book_path": "books/1131-Дело Джен, или Эйра немилосердия.txt",
        "comments": [],
        "genres": "Научная фантастика, Прочие Детективы."
    },
    {
        "title": "Цена посвящения: Серый Ангел",
        "author": "Маркеев Олег Георгиевич",
        "img_src": "img/768-768.jpg",
        "book_path": "books/768-Цена посвящения Серый Ангел.txt",
        "comments": [
            "Очень хорошо, много интересных мыслей. Советую.",
            "Понравилось. Немного политизированности создает специфические ассоциации по восприятию произведения. Не скажу что \"отпад как классно\", но интересно читать. Фантастики как таковой нет, но от этого детектив хуже не стал."
        ],
        "genres": "Боевики, Научная фантастика."
    },
    {
        "title": "15-я книга. Школа арханелов",
        "author": "Карр Алекс",
        "img_src": "img/nopic.gif",
        "book_path": "books/18933-15-я книга. Школа арханелов.txt",
        "comments": [],
        "genres": "Научная фантастика"
    },
    {
        "title": "11-я книга. Рождение империи сенсетивов",
        "author": "Карр Алекс",
        "img_src": "img/nopic.gif",
        "book_path": "books/18929-11-я книга. Рождение империи сенсетивов.txt",
        "comments": [
            "Спасобо вам за это произведение!!!!!",
            "Спасибо огромное, жду с нетерпением 16 книгу. Почему о вас нигде нет информации.? Пишете очень интересно-погрузилась в этот мир с удовольствием."
        ],
        "genres": "Научная фантастика"
    },
    {
        "title": "...Яко помниши его",
        "author": "Азимов Айзек",
        "img_src": "img/18919-18919.jpg",
        "book_path": "books/18919-...Яко помниши его.txt",
        "comments": [
            "все просто супер",
            "НИШТЯК-КНИГА",
            "отличная книга!!!",
            "короткая!",
            "интересно))) да уж, никогда не думала, что так может оказаться))",
            "Мне понравилось)",
            "Кажется фильм с таким названием есть, но там все интересней.",
            "Всегда нравились книги Айзека, отличное произведение, кстати, фильм так себе.",
            "С одной стороны, все, что создано человеком призвано помогать ему безвозмездно. С другой, человек - неблагодарная сволочь. Третий аспект (с оглядкой на продолжение) - яблоко от яблони...",
            "Коротка, но довольна хорошая книга, советую её прочитать!!!",
            "А по этой книге снят фильм? Там еще Уилл Смит играет...",
            "ДО СИХ ПОР ИНТЕРЕСНО.",
            "Спасибо за возможность читать Ваши книги.",
            "Я не перестаю удивляться.",
            "Очень интересная.",
            "Книга понравилась, заставляет задуматься об интеллекте, морали человека, о том как все относительно и как хрупок мир...",
            "Хорошая книга. К админам, не плохо было бы если бы вы прописали год выхода книги в печать. Спасибо."
        ],
        "genres": "Научная фантастика"
    },
    {
        "title": "6-я книга. Сражение за Бидруп.",
        "author": "Карр Алекс",
        "img_src": "img/nopic.gif",
        "book_path": "books/18939-6-я книга. Сражение за Бидруп..txt",
        "comments": [],
        "genres": "Научная фантастика"
    },
    {
        "title": "5-я книга. В подземельях Бидрупа.",
        "author": "Карр Алекс",
        "img_src": "img/nopic.gif",
        "book_path": "books/18937-5-я книга. В подземельях Бидрупа..txt",
        "comments": [],
        "genres": "Научная фантастика"
    },
    {
        "title": "8-я книга. Полет Уригленны.",
        "author": "Карр Алекс",
        "img_src": "img/nopic.gif",
        "book_path": "books/18942-8-я книга. Полет Уригленны..txt",
        "comments": [],
        "genres": "Научная фантастика"
    },
    {
        "title": "Звездный зверь ( Звездное чудовище)",
        "author": "Хайнлайн Роберт",
        "img_src": "img/13038-13038.jpg",
        "book_path": "books/13038-Звездный зверь ( Звездное чудовище).txt",
        "comments": [
            "Хорошая книжка.",
            "Ксенофобия, ненависть ко всему тому что не хочется понимать, может привести к гибели чедовечество. Эта тема актуальна сейчас и скорее всего будет актуальна еще очень долго.",
            "Рекомендую всем!!!!!!!!!!!"
        ],
        "genres": "Детская фантастика, Научная фантастика."
    },
    {
        "title": "10-я книга. Варкенские перемены.",
        "author": "Карр Алекс",
        "img_src": "img/nopic.gif",
        "book_path": "books/18928-10-я книга. Варкенские перемены..txt",
        "comments": [
            "Я ставлю 4."
        ],
        "genres": "Научная фантастика"
    },
    {
        "title": "Сборник рассказов и повестей",
        "author": "ЛУКИНА Любовь",
        "img_src": "img/nopic.gif",
        "book_path": "books/16092-Сборник рассказов и повестей.txt",
        "comments": [],
        "genres": "Научная фантастика, Публицистика, Юмористическая фантастика."
    },
    {
        "title": "...к звездам!",
        "author": "Радутный Радий",
        "img_src": "img/nopic.gif",
        "book_path": "books/18922-...к звездам!.txt",
        "comments": [
            "Спасибо за полученное удовольствие."
        ],
        "genres": "Научная фантастика"
    },
    {
        "title": "53-я американская мечта",
        "author": "Салли Джейли",
        "img_src": "img/nopic.gif",
        "book_path": "books/18938-53-я американская мечта.txt",
        "comments": [
            "Полнейший бред по моему мнению.",
            "Вы можете долго искать смысл в этом рассказе, но так и не найти. В этом, наверное, и была цель автора."
        ],
        "genres": "Научная фантастика"
    },
    {
        "title": "Взгляд из сердца",
        "author": "Мейстер Максим",
        "img_src": "img/nopic.gif",
        "book_path": "books/12795-Взгляд из сердца.txt",
        "comments": [],
        "genres": "Детская проза, Детская фантастика, Научная фантастика, Прочая детская литература, Эзотерика."
    },
    {
        "title": "2-я книга. Сенсетивы Галана",
        "author": "Карр Алекс",
        "img_src": "img/nopic.gif",
        "book_path": "books/18935-2-я книга. Сенсетивы Галана.txt",
        "comments": [],
        "genres": "Научная фантастика"
    },
    {
        "title": "...Вставьте шплинт А в гнездо Б...",
        "author": "Азимов Айзек",
        "img_src": "img/18921-18921.jpg",
        "book_path": "books/18921-...Вставьте шплинт А в гнездо Б....txt",
        "comments": [
            "Да уж, история на одну минуту. Сюжет простейший, ничего необычного, но улыбнуло))",
            "Хорошия история. Прочитал, улыбнулся и, наверное, забыл. Но, рассказ очень милый...",
            "классно))) коротенько, но мило)) прочитала за минуты две=) Да уж, робот, собирающий всевозможные механизмы, сам в разобранном состоянии)",
            "Хи-хи... У Айзека с чувством юмора всё в порядке.",
            "Согласна, пошутил клёво.",
            "Так жалко стало этих двоих...)))",
            "Вообще чушь какая то. О каком юморе толковали непонятно.",
            "Почитайте на досуге или так, мимоходом, улыбнитесь:)",
            "Да, идея не нова, не раз втречалось, но это как анекдоты с общим смыслом но разным сюжетом - все они смешные.",
            "Добрая улыбка Мастера... Приято читать, черт возьми...",
            "Азимов гениален в простоте и юморе.",
            "Хорошая книга.",
            "Lokonicno."
        ],
        "genres": "Научная фантастика"
    },
    {
        "title": "14-я книга. Барабаны Таланов",
        "author": "Карр Алекс",
        "img_src": "img/nopic.gif",
        "book_path": "books/18932-14-я книга. Барабаны Таланов.txt",
        "comments": [],
        "genres": "Научная фантастика"
    },
    {
        "title": "64-клеточный дурдом",
        "author": "Лейбер Фриц",
        "img_src": "img/nopic.gif",
        "book_path": "books/18940-64-клеточный дурдом.txt",
        "comments": [
            "Заставляет задуматься- человек против мной машины или наоборот. Понравится любителям шахматных игр- книга для вас."
        ],
        "genres": "Научная фантастика"
    },
    {
        "title": "1-книга. Весна на Галане",
        "author": "Карр Алекс",
        "img_src": "img/nopic.gif",
        "book_path": "books/18926-1-книга. Весна на Галане.txt",
        "comments": [
            "Если честно, то слишком растянуто и нудновато. А в общем, идея понравилась, можно почитать, разок.",
            "Согласна. Есть интересные моменты, но явный перебор по колличеству печатных знаков. Занудные описание роскоши, повтор на повторе. Автор выдохся в середине первой части. Эту книгу можно пролистать, останавливаясь на некоторых моментах.",
            "Очень люблю фантастику. Автора пока не читала, надеюсь,- не разочарует!",
            "А мне понравилось всё. Просто нужно читать не отвлекаясь, а не в метро:). Тогда полнее погружаешься в созданный мир, чему и способствует подробное описание."
        ],
        "genres": "Научная фантастика"
    },
    {
        "title": "4-я книга. Экспедиция на Голубой планетоид",
        "author": "Карр Алекс",
        "img_src": "img/nopic.gif",
        "book_path": "books/18936-4-я книга. Экспедиция на Голубой планетоид.txt",
        "comments": [],
        "genres": "Научная фантастика"
    },
    {
        "title": "132-й",
        "author": "Макаров Андрей",
        "img_src": "img/nopic.gif",
        "book_path": "books/18931-132-й.txt",
        "comments": [
            "Хороший рассказ. Так и хочется этому штабному офицеру смазать по мурсалам... Сытый, чистый, самодовольный. Хорошо, что были и есть такие, как тот несуразный полковник.",
            "Хороший рассказ, только жизненный, не фантастика.",
            "Рассказ интересный и даже жизненный, поэтому тем более не понятно как он оказался в разделе фантастики!?",
            "Очень хорошая книга. Жаль что сейчас всё больше капитанов и всё меньше полковников. Очень жаль...",
            "Сейчас пол страны такие -вот капитаны. И молодежь такой воспитывается. Молодец Макаов!"
        ],
        "genres": "Научная фантастика"
    },
    {
        "title": "7-я книга. День Откровения",
        "author": "Карр Алекс",
        "img_src": "img/nopic.gif",
        "book_path": "books/18941-7-я книга. День Откровения.txt",
        "comments": [],
        "genres": "Научная фантастика"
    },
    {
        "title": "...На Вавилон",
        "author": "Силверберг Роберт",
        "img_src": "img/nopic.gif",
        "book_path": "books/18920-...На Вавилон.txt",
        "comments": [
            "Отличный рассказ.",
            "Этот рассказ захватывает с первого до последнего момента, почитайте, поймете, чем он интересен. Советую.",
            "Да. Необычно, но впечатляет именно своей небычностью.",
            "Может в рассказе и есть какой-то глубокий смысл, но я его не уловил. Прмойму просто муть.",
            "Интересно, но концовка разочаровала... Ожидала большего."
        ],
        "genres": "Научная фантастика"
    },
    {
        "title": "13-я книга. Галанское сватовство",
        "author": "Карр Алекс",
        "img_src": "img/nopic.gif",
        "book_path": "books/18930-13-я книга. Галанское сватовство.txt",
        "comments": [],
        "genres": "Научная фантастика"
    },
    {
        "title": "А была ли тайна",
        "author": "Купцов Василий",
        "img_src": "img/nopic.gif",
        "book_path": "books/18953-А была ли тайна.txt",
        "comments": [],
        "genres": "Научная фантастика"
    },
    {
        "title": "А мы лезем в окно",
        "author": "Молзберг Барри",
        "img_src": "img/nopic.gif",
        "book_path": "books/18967-А мы лезем в окно.txt",
        "comments": [
            "По этому рассказу я поставил номер в институте культуры еще  в 1990 году. До сих пор его признают как шедевр студенческого мастерства. Пытались некоторые поставить по-своему, но когда им Евгений Вандалковский рассказывал как ЭТО было - делали реверанс и искали другой материал."
        ],
        "genres": "Научная фантастика"
    },
    {
        "title": "А мне до них",
        "author": "Корепанов Алексей",
        "img_src": "img/nopic.gif",
        "book_path": "books/18964-А мне до них.txt",
        "comments": [],
        "genres": "Научная фантастика"
    },
    {
        "title": "А что будет",
        "author": "Браун Фредерик",
        "img_src": "img/nopic.gif",
        "book_path": "books/18955-А что будет.txt",
        "comments": [],
        "genres": "Научная фантастика"
    },
    {
        "title": "А что с ними делать дальше?",
        "author": "Фостер Алан Дин",
        "img_src": "img/18956-18956.jpg",
        "book_path": "books/18956-А что с ними делать дальше.txt",
        "comments": [
            "Этот расказ интересен тока короткий больно охота проду : )",
            "Мне понравилось. Только я думала, что йоппы - это все-таки мы земляне.",
            "Очень понравилась книга.",
            "Не поцимаю, почему такая низкая оценка.",
            "Интересно. Много места для фантазии."
        ],
        "genres": "Научная фантастика"
    },
    {
        "title": "А, Критика!",
        "author": "Еськов Кирилл",
        "img_src": "img/nopic.gif",
        "book_path": "books/18946-А, Критика!.txt",
        "comments": [],
        "genres": "Научная фантастика"
    },
    {
        "title": "А как же еще",
        "author": "Каттнер Генри",
        "img_src": "img/nopic.gif",
        "book_path": "books/18963-А как же еще.txt",
        "comments": [
            "Чудесный юмор )"
        ],
        "genres": "Научная фантастика"
    },
    {
        "title": "А человек забудет",
        "author": "Трусов Сергей",
        "img_src": "img/nopic.gif",
        "book_path": "books/18954-А человек забудет.txt",
        "comments": [],
        "genres": "Научная фантастика"
    },
    {
        "title": "А я пойду дальше",
        "author": "Лейбер Фриц",
        "img_src": "img/nopic.gif",
        "book_path": "books/18962-А я пойду дальше.txt",
        "comments": [],
        "genres": "Научная фантастика"
    },
    {
        "title": "9-я книга. Тарат Зурбин",
        "author": "Карр Алекс",
        "img_src": "img/nopic.gif",
        "book_path": "books/18943-9-я книга. Тарат Зурбин.txt",
        "comments": [],
        "genres": "Научная фантастика"
    },
    {
        "title": "А еще мы выгуливаем собак",
        "author": "Хайнлайн Роберт",
        "img_src": "img/nopic.gif",
        "book_path": "books/18959-А еще мы выгуливаем собак.txt",
        "comments": [
            "Легенький рассказик о фирме оказующей ну просто любые услуги.",
            "Рекомдую у Ханлайнф плохих книг нетю.",
            "Хайнлайн - замечателен!!!"
        ],
        "genres": "Научная фантастика"
    },
    {
        "title": "995-й святой",
        "author": "Цветков Юрий",
        "img_src": "img/nopic.gif",
        "book_path": "books/18945-995-й святой.txt",
        "comments": [],
        "genres": "Научная фантастика"
    },
    {
        "title": "А роза упала на лапу Азора",
        "author": "Осинский Владимир",
        "img_src": "img/nopic.gif",
        "book_path": "books/18971-А роза упала на лапу Азора.txt",
        "comments": [],
        "genres": "Научная фантастика"
    },
    {
        "title": "А поезд идет",
        "author": "Ашкинази Леонид",
        "img_src": "img/nopic.gif",
        "book_path": "books/18970-А поезд идет.txt",
        "comments": [],
        "genres": "Научная фантастика"
    },
    {
        "title": "А и Е",
        "author": "Стульник Сергей",
        "img_src": "img/nopic.gif",
        "book_path": "books/18961-А и Е.txt",
        "comments": [],
        "genres": "Научная фантастика"
    },
    {
        "title": "А дом стоит себе спокойно (Вечный дом)",
        "author": "Ван Вогт Альфред",
        "img_src": "img/nopic.gif",
        "book_path": "books/18958-А дом стоит себе спокойно (Вечный дом).txt",
        "comments": [],
        "genres": "Научная фантастика"
    },
    {
        "title": "А где же Рошар",
        "author": "Глазков Юрий",
        "img_src": "img/nopic.gif",
        "book_path": "books/18960-А где же Рошар.txt",
        "comments": [],
        "genres": "Научная фантастика"
    },
    {
        "title": "А могла бы и быть",
        "author": "Григорьев Владимир",
        "img_src": "img/nopic.gif",
        "book_path": "books/18965-А могла бы и быть.txt",
        "comments": [],
        "genres": "Научная фантастика"
    },
    {
        "title": "90х60х90",
        "author": "Берендеев Кирилл",
        "img_src": "img/nopic.gif",
        "book_path": "books/18944-90х60х90.txt",
        "comments": [
            "Ни фантастики, ни фэнтези, обычный детектив... Про обычную жизненную ситуацию... Правда, пара диалогов заставили задуматься, но не более..."
        ],
        "genres": "Научная фантастика"
    },
    {
        "title": "А она уходила",
        "author": "Дымов Феликс Яковлевич",
        "img_src": "img/nopic.gif",
        "book_path": "books/18969-А она уходила.txt",
        "comments": [],
        "genres": "Научная фантастика"
    },
    {
        "title": "А моя мама - ведьма!",
        "author": "Тенн Уильям",
        "img_src": "img/nopic.gif",
        "book_path": "books/18966-А моя мама - ведьма!.txt",
        "comments": [
            "Весьма рекомендую. Магия глазами ребёнка, рассказ - троюродный брат шурина кума знакомой подруги от того фильма \"Лабиринт Фавна\"... В общем читаем."
        ],
        "genres": "Научная фантастика"
    },
    {
        "title": "АНТОЛОГИЯ СКАНДИНАВСКОЙ ФАНТАСТИКИ",
        "author": "Бойе Карин",
        "img_src": "img/18949-18949.jpg",
        "book_path": "books/18949-АНТОЛОГИЯ СКАНДИНАВСКОЙ ФАНТАСТИКИ.txt",
        "comments": [
            "Занудная хоть и фантастика.",
            "Правда занудная, хоть и фантастика.",
            "Ну, занудная, ну, фантастика. А все равно интересно было прочитать.",
            "Очень информативно и эмоционально содержательно))) Характеристика - \"занудно\", просто разжигает желание прочитать! Качаю!!!",
            "Книга впечатляющая. Не сказать что очень интересная, но подходящего эпитета не подберу. Доведение идеи до л о г и ч н о г о абсурда. И вторая мысль, что человек может ко всему, к любым условиям привыкнуть. А не сам так следующее поколение. Человек слаб в смысле физических условий, но приспособляемость у него большая.",
            "Поочеемуу занууудноо??? Для скаандинннааввии оооччееньь дажжее дииннаммиичнооо."
        ],
        "genres": "Научная фантастика"
    },
    {
        "title": "А вдруг они победят",
        "author": "Белен",
        "img_src": "img/nopic.gif",
        "book_path": "books/18972-А вдруг они победят.txt",
        "comments": [],
        "genres": "Научная фантастика"
    },
    {
        "title": "А бог един",
        "author": "Амнуэль Песах",
        "img_src": "img/nopic.gif",
        "book_path": "books/18952-А бог един.txt",
        "comments": [],
        "genres": "Научная фантастика"
    },
    {
        "title": "А за тобой придет генерал",
        "author": "Воробьев Борис",
        "img_src": "img/nopic.gif",
        "book_path": "books/18979-А за тобой придет генерал.txt",
        "comments": [],
        "genres": "Научная фантастика"
    },
    {
        "title": "Абракадабра",
        "author": "Рассел Эрик Фрэнк",
        "img_src": "img/nopic.gif",
        "book_path": "books/18986-Абракадабра.txt",
        "comments": [
            "забавная история. Рекомендую)",
            "Вот история о том, до чего может довести желание во что бы то ни стало угодить проверяющему чиновнику! Да уж, и что ж делать-то ему теперь?... ",
            "Оргазм просто! Жаль, что читал впервые ещё в детстве! Рассела рекомендую для всех возрастов!"
        ],
        "genres": "Научная фантастика"
    },
    {
        "title": "Абсолютная пустота (предисловие)",
        "author": "Лем Станислав",
        "img_src": "img/nopic.gif",
        "book_path": "books/18992-Абсолютная пустота (предисловие).txt",
        "comments": [
            "А что писать, я ничего не нашла! Где это предесловие?"
        ],
        "genres": "Научная фантастика"
    },
    {
        "title": "Абсолютное время",
        "author": "Бялецкий Януш",
        "img_src": "img/nopic.gif",
        "book_path": "books/19000-Абсолютное время.txt",
        "comments": [],
        "genres": "Научная фантастика"
    },
    {
        "title": "А жизнь идёт",
        "author": "Бояндин Константин",
        "img_src": "img/nopic.gif",
        "book_path": "books/18980-А жизнь идёт.txt",
        "comments": [],
        "genres": "Научная фантастика"
    },
    {
        "title": "Абсолютная правда",
        "author": "Коростелев Дмитрий",
        "img_src": "img/nopic.gif",
        "book_path": "books/18991-Абсолютная правда.txt",
        "comments": [],
        "genres": "Научная фантастика"
    },
    {
        "title": "Абсолютный хрум",
        "author": "Тарабанов Дмитрий",
        "img_src": "img/nopic.gif",
        "book_path": "books/19001-Абсолютный хрум.txt",
        "comments": [],
        "genres": "Научная фантастика"
    },
    {
        "title": "Абсолютная Энциклопедия. Том 2",
        "author": "Диксон Гордон",
        "img_src": "img/18987-18987.jpg",
        "book_path": "books/18987-Абсолютная Энциклопедия. Том 2.txt",
        "comments": [
            "Horoschaya zahvatyvayuschaya kniga, spasibo vam otdohnul."
        ],
        "genres": "Научная фантастика"
    },
    {
        "title": "А вдруг",
        "author": "Грешнов Михаил",
        "img_src": "img/nopic.gif",
        "book_path": "books/18973-А вдруг.txt",
        "comments": [],
        "genres": "Научная фантастика"
    },
    {
        "title": "Абсолютная гарантия",
        "author": "Иванов Борис",
        "img_src": "img/18988-18988.jpg",
        "book_path": "books/18988-Абсолютная гарантия.txt",
        "comments": [
            "книга, как и вся серия, как и все творчество автора очень хороша. Настоятельно рекомендую.",
            "Так... Почитать можно что бы время убить.",
            "Спасибо автору за книгу! Люблю фантастику.",
            "Одолел только одну треть книги - очень нудная и не интересная книга.\nПовествование рваное, сюжет не захватывает, ощущения фантастики - нет.\nОстальные книги этого автора читаются еще труднее. НЕ советую.",
            "Книга довольно таки интересная. Сразу, так сказать, с головой в сюжет. Автор -- молодец.",
            "Очень запутано в начале, многое не связанно между собой, но написано оригинально.",
            "Временами не фантастика, временами фантастика. Сюжет скачет. Но дочитал до конца, захватило. Интересно, есть ли продолжение у автора по этой теме.",
            "Книга очень понравилась, не фаст фуд, несколько сюжетных линий, не плоский мир, автор создал целостную картину, включив и философию, и религию, и фантазию.",
            "Интересный фантастический детектив. Советую.",
            "Хорошая книга. Но не фантастика:)",
            "Интересный сюжет, читала даже больше как детектив, чем как фантастику! Мне понравилось!",
            "Очень понравилась. Детектив+фантастика.",
            "Интересный фантастический детектив.",
            "Заинтриговали...",
            "Тянула как жвачку, даже до середины не дошла, нудятина.",
            "Прикольно, мне понравилось.",
            "Вполне можно прочитать, время пройдёт с удовольствием.",
            "Написано блестяще, только конец на месте автора, я бы сделала другим. А-то получилось, что книга для взрослых, а заканчивается подростковыми соплями. Здесь это смешение не очень уместно!",
            "Отличная книга. Обязательно читать до конца!!!",
            "Очень прилично!"
        ],
        "genres": "Детективная фантастика, Космическая фантастика, Научная фантастика."
    },
    {
        "title": "Абсолютное Оружие",
        "author": "Ершов Юрий",
        "img_src": "img/nopic.gif",
        "book_path": "books/18995-Абсолютное Оружие.txt",
        "comments": [],
        "genres": "Научная фантастика"
    },
    {
        "title": "Абстиненция",
        "author": "Нестеренко Юрий",
        "img_src": "img/nopic.gif",
        "book_path": "books/19002-Абстиненция.txt",
        "comments": [],
        "genres": "Научная фантастика"
    },
    {
        "title": "А вы не верили",
        "author": "Ягупова Светлана",
        "img_src": "img/nopic.gif",
        "book_path": "books/18978-А вы не верили.txt",
        "comments": [],
        "genres": "Научная фантастика"
    },
    {
        "title": "Ааст Ллун - архитектор неба",
        "author": "Гуревич Георгий Иосифович",
        "img_src": "img/18981-18981.jpg",
        "book_path": "books/18981-Ааст Ллун - архитектор неба.txt",
        "comments": [
            "В детстве зачитывалась этой книгой, но и тогда поражала как сила воли человеческая, так и то, что нерешенные проблемы были, есть и всегда будут.",
            "Сначала тяжело было читать, много непонятного, но затем втянувшись не могла оторваться. Интересное повествование путешествия главного героя, описываются мелкие детали жизни разных народов.",
            "Вся советская фантастика прекрасна."
        ],
        "genres": "Научная фантастика"
    },
    {
        "title": "Абсолютно невозможно",
        "author": "Силверберг Роберт",
        "img_src": "img/nopic.gif",
        "book_path": "books/18994-Абсолютно невозможно.txt",
        "comments": [],
        "genres": "Научная фантастика"
    },
    {
        "title": "А всходы будут не скоро",
        "author": "Чешко Федор",
        "img_src": "img/nopic.gif",
        "book_path": "books/18977-А всходы будут не скоро.txt",
        "comments": [],
        "genres": "Научная фантастика"
    },
    {
        "title": "Абсолютное счастье",
        "author": "Якименко Константин",
        "img_src": "img/nopic.gif",
        "book_path": "books/18999-Абсолютное счастье.txt",
        "comments": [
            "Спасибо автору! Рассказ не для всех, но для тех кто пытается понять суть жизни. Вцелом интересно и необычно!",
            "Не пожалей 15 минут -прочти."
        ],
        "genres": "Научная фантастика"
    },
    {
        "title": "Абадон",
        "author": "Купцов Василий",
        "img_src": "img/nopic.gif",
        "book_path": "books/18982-Абадон.txt",
        "comments": [],
        "genres": "Научная фантастика"
    },
    {
        "title": "Абицелла",
        "author": "Попогребский П",
        "img_src": "img/nopic.gif",
        "book_path": "books/18984-Абицелла.txt",
        "comments": [],
        "genres": "Научная фантастика"
    },
    {
        "title": "Абсолютная технократия",
        "author": "Альдани Лино",
        "img_src": "img/18993-18993.jpg",
        "book_path": "books/18993-Абсолютная технократия.txt",
        "comments": [
            "Ожидала большего. Идея очень интересная, но в рассказе не раскрыта до конца!"
        ],
        "genres": "Научная фантастика"
    },
    {
        "title": "Абсолютная полиция",
        "author": "Лисин Валерий",
        "img_src": "img/nopic.gif",
        "book_path": "books/18990-Абсолютная полиция.txt",
        "comments": [],
        "genres": "Научная фантастика"
    },
    {
        "title": "А все из-за любви",
        "author": "Гуларт Рон",
        "img_src": "img/nopic.gif",
        "book_path": "books/18974-А все из-за любви.txt",
        "comments": [
            "Очень точное название. Нельзя в любовных делах полагаться на других, нужно самому принимать решения. О цене ошибки, ее последствиях..."
        ],
        "genres": "Научная фантастика"
    },
    {
        "title": "Абсолютное оружие Горгон",
        "author": "Щербаков Владимир",
        "img_src": "img/nopic.gif",
        "book_path": "books/18996-Абсолютное оружие Горгон.txt",
        "comments": [],
        "genres": "Научная фантастика"
    }
]
